,Accuracy,Precision,Recall,F1 Score
LSTM,0.48002189381499727,0.49715461661168775,0.48002189381499727,0.4866718968429229
