,Accuracy,Precision,Recall,F1 Score
LSTM,0.48083242059145676,0.49434165420562226,0.48083242059145676,0.48629994115132397
